date_seen,title,journal,year,doi,pmid,pmcid,source,publication_type,is_preprint,matched_profiles,relevance_score,evidence_score,total_score,decision,url,summary
2026-05-30,DICER1 alterations in thyroid lesions: a systematic review and meta-analysis with clinicopathologic implications.,Virchows Arch,2026,10.1007/s00428-026-04580-5,42207300,,Europe PMC,review; journal article,False,general_pathology_research;guidelines_reviews_high_level_evidence,12,6,18,digest,https://europepmc.org/article/MED/42207300,No abstract available. Check the full text before interpreting. Interpretation should remain cautious because this is abstract-level surveillance.
2026-05-30,"Artificial Intelligence in Oncology: Clinical Applications, Challenges, and Opportunities.",American Society of Clinical Oncology educational book. American Society of Clinical Oncology. Annual Meeting,2026,10.1200/EDBK-26-520716,42214043,,PubMed,"Journal Article, Review",False,general_pathology_research;digital_computational_pathology,13,2,15,digest,https://pubmed.ncbi.nlm.nih.gov/42214043/,Artificial intelligence (AI) is reshaping cancer research and clinical oncology by enabling large-scale analysis of complex biomedical data. Interpretation should remain cautious because this is abstract-level surveillance.
2026-05-30,"Risk stratification in pediatric dysembryoplastic neuroepithelial tumors: impact of molecular alterations, age, and extent of surgery.",Journal of neurosurgery. Pediatrics,2026,10.3171/2026.2.PEDS25637,42214094,,PubMed,Journal Article,False,general_pathology_research;molecular_ihc_biomarkers,12,2,14,digest,https://pubmed.ncbi.nlm.nih.gov/42214094/,"OBJECTIVE: Dysembryoplastic neuroepithelial tumors (DNETs) are usually described as benign, but long-term data clearly show that progression is not rare. Interpretation should remain cautious because this is abstract-level surveillance."
2026-05-30,Accessible Clinical Tool for Prognosis and Chemotherapy Prediction in Hormone Receptor-Positive/Human Epidermal Growth Factor Receptor 2-Negative Breast Cancer in Diverse and Low-Resource Settings.,JCO global oncology,2026,10.1200/GO-25-00705,42214047,,PubMed,Journal Article,False,general_pathology_research,6,4,10,digest,https://pubmed.ncbi.nlm.nih.gov/42214047/,"PURPOSE: Genomic assays are commonly used to predict breast cancer recurrence but remain inaccessible in low-resource settings, often leading to unnecessary chemotherapy. Interpretation should remain cautious because this is abstract-level surveillance."
2026-05-30,mRNA-laden LNP-enabled in situ CAR-macrophage alleviates liver fibrosis via inhibiting activated HSCs and modulating the immune microenvironment.,Proceedings of the National Academy of Sciences of the United States of America,2026,10.1073/pnas.2534673123,42213756,,PubMed,Journal Article,False,general_medical_gp_updates,3,2,5,digest,https://pubmed.ncbi.nlm.nih.gov/42213756/,"Liver fibrosis, marked by an abnormal buildup of extracellular matrix (ECM), poses a major health threat. Interpretation should remain cautious because this is abstract-level surveillance."
2026-05-30,Neuropsychological profile in pediatric patients with brain arteriovenous malformations.,Journal of neurosurgery. Pediatrics,2026,10.3171/2026.1.PEDS25591,42214097,,PubMed,Journal Article,False,general_medical_gp_updates,3,2,5,digest,https://pubmed.ncbi.nlm.nih.gov/42214097/,"OBJECTIVE: Brain arteriovenous malformations (bAVMs) are vascular anomalies that can cause significant neurological and cognitive impairments in children and adolescents, even in the absence of hemorrhage. Interpretation should remain cautious because this is abstract-level surveillance."
2026-05-30,FDG-PET/CT Parameters for distinguishing high and low microsatellite instability in colorectal cancer: A systematic review and Meta-analysis.,Annals of nuclear medicine,2026,10.1007/s12149-026-02240-x,42213274,7563268,PubMed,"Journal Article, Review",False,molecular_ihc_biomarkers;novel_treatment_pathology_linked;guidelines_reviews_high_level_evidence,20,12,32,watchlist,https://pubmed.ncbi.nlm.nih.gov/42213274/,"Microsatellite instability (MSI) is a key prognostic biomarker in colorectal cancer (CRC), guiding immunotherapy planning. Interpretation should remain cautious because this is abstract-level surveillance."
2026-05-30,"Effects of Multicomponent Digital Health Interventions on Multidimensional Physical Activity in Older Adults: Systematic Review, Meta-Analysis, and Meta-Regression of Randomized Controlled Trials.",Journal of medical Internet research,2026,10.2196/91338,42214075,,PubMed,"Journal Article, Systematic Review, Meta-Analysis, Review",False,general_pathology_research;guidelines_reviews_high_level_evidence,12,14,26,watchlist,https://pubmed.ncbi.nlm.nih.gov/42214075/,BACKGROUND: The comprehensive effects of multicomponent digital health interventions (DHIs) on multidimensional physical activity indicators and sedentary behavior (SB) remain controversial. Interpretation should remain cautious because this is abstract-level surveillance.
2026-05-30,Diagnostic accuracy of point-of-care ultrasound in neonatal intensive care units: a systematic review.,Journal of ultrasound,2026,10.1007/s40477-026-01171-7,42213360,7041196,PubMed,"Journal Article, Review",False,general_pathology_research;general_medical_gp_updates;guidelines_reviews_high_level_evidence,14,8,22,watchlist,https://pubmed.ncbi.nlm.nih.gov/42213360/,"PURPOSE: To evaluate the diagnostic accuracy, safety, and organisational aspects of point-of-care ultrasound (POCUS) in neonates admitted to neonatal intensive care units (NICUs), focusing on pulmonary, cardiac, neurological, and abdominal conditions. Interpretation should remain cautious because this is abstract-level surveillance."
2026-05-30,"Real-world outcomes of FLOT versus Chemoradiotherapy for Esophageal, Type I and II Junctional Tumors: A Bi-Center International Study.",Diseases of the esophagus : official journal of the International Society for Diseases of the Esophagus,2026,10.1093/dote/doag052,42213868,,PubMed,"Journal Article, Multicenter Study, Comparative Study",False,general_pathology_research;molecular_ihc_biomarkers;novel_treatment_pathology_linked,17,4,21,watchlist,https://pubmed.ncbi.nlm.nih.gov/42213868/,The optimal multimodal strategy for esophageal and gastro-esophageal junction (GEJ) adenocarcinoma remains uncertain. Interpretation should remain cautious because this is abstract-level surveillance.
2026-05-30,Causal Effects of Gut Microbial Genera on Abnormal Spermatozoa Revealed Through Integrated Mendelian Randomization and Mediation Analysis.,"American journal of reproductive immunology (New York, N.Y. : 1989)",2026,10.1111/aji.70263,42212685,,PubMed,"Journal Article, Meta-Analysis",False,general_pathology_research;guidelines_reviews_high_level_evidence,11,6,17,watchlist,https://pubmed.ncbi.nlm.nih.gov/42212685/,PURPOSE: Sperm quality is a key contributing factor in infertility. Interpretation should remain cautious because this is abstract-level surveillance.
2026-05-30,Pragmatic Clinical Trial Assessing Response to Neoadjuvant Docetaxel and Trastuzumab in Nigerian Women With Human Epidermal Growth Factor Receptor 2-Positive Breast Cancer (ARETTA).,JCO global oncology,2026,10.1200/GO-25-00287,42214048,,PubMed,"Journal Article, Clinical Trial, Phase II",False,molecular_ihc_biomarkers;novel_treatment_pathology_linked,12,5,17,watchlist,https://pubmed.ncbi.nlm.nih.gov/42214048/,PURPOSE: Breast cancer is the leading cause of death in Nigerian women. Interpretation should remain cautious because this is abstract-level surveillance.
2026-05-30,The Efficacy of Urethral Bulking Agents for Incontinence Following Continent Urinary Reconstruction: A Narrative Review.,Neurourology and urodynamics,2026,10.1002/nau.70326,42212597,,PubMed,"Journal Article, Review",False,general_pathology_research;guidelines_reviews_high_level_evidence,11,6,17,watchlist,https://pubmed.ncbi.nlm.nih.gov/42212597/,"BACKGROUND: Urinary incontinence following continent urinary reconstruction, including bladder neck reconstruction and Mitrofanoff channels, remains a complex and challenging clinical issue. Interpretation should remain cautious because this is abstract-level surveillance."
2026-05-30,"Clinical Manifestations, Tumor Associations, and Long-Term Outcomes of Anti-KLHL11 Encephalitis.",Neurology(R) neuroimmunology & neuroinflammation,2026,10.1212/NXI.0000000000200597,42214057,,PubMed,Journal Article,False,general_pathology_research;novel_treatment_pathology_linked;general_medical_gp_updates,14,2,16,watchlist,https://pubmed.ncbi.nlm.nih.gov/42214057/,"BACKGROUND AND OBJECTIVES: Anti-Kelch-like protein 11 (KLHL11) encephalitis was discovered in middle-aged men with testicular seminoma and rhombencephalitis, defining a new type of paraneoplastic neurologic syndrome (PNS), but diagnostic criteria and treatment outcomes remain largely unclear. Interpretation should remain cautious because this is abstract-level surveillance."
2026-05-30,Durable Survival Outcomes After Liver Transplantation for Colorectal Liver Metastases: A Systematic Review and Single-arm Meta-analysis of Prospective Clinical Trials.,Journal of gastrointestinal cancer,2026,10.1007/s12029-026-01506-x,42213206,2796095,PubMed,"Journal Article, Systematic Review, Meta-Analysis",False,guidelines_reviews_high_level_evidence,6,10,16,watchlist,https://pubmed.ncbi.nlm.nih.gov/42213206/,"BACKGROUND: Liver transplantation (LT) has emerged as a potential treatment option for selected patients with colorectal liver metastases (CRLM), but existing meta-analyses are limited by heterogeneous populations and mixed treatment modalities. Interpretation should remain cautious because this is abstract-level surveillance."
2026-05-30,Machine learning models based on magnetic resonance imaging for predicting Lymphovascular Invasion in Invasive Breast Cancer.,PloS one,2026,10.1371/journal.pone.0350085,42213726,,PubMed,Journal Article,False,molecular_ihc_biomarkers;digital_computational_pathology;general_medical_gp_updates,14,2,16,watchlist,https://pubmed.ncbi.nlm.nih.gov/42213726/,OBJECTIVES: Treatment strategies for invasive breast cancer require accurate lymphovascular invasion (LVI) predictions. Interpretation should remain cautious because this is abstract-level surveillance.
2026-05-30,Digital Registrar: A Schema-First Framework for Multi-Cancer Privacy-Preserving Pathology Abstraction via Local LLMs,medrxiv,2026,10.1101/2025.10.21.25338475,,,medrxiv,Preprint,True,general_pathology_research;digital_computational_pathology,12,4,16,preprint_watch,https://doi.org/10.1101/2025.10.21.25338475,Background/ObjectivesFree-text surgical pathology reports hinder automated cancer registry entry and secondary analytics. Interpretation should remain cautious because this is abstract-level surveillance.
2026-05-30,"Effectiveness of Systemic Treatments in Patients with Unresectable, Advanced, or Recurrent Soft Tissue Sarcomas Previously Treated with Anthracycline-Based Therapy: A Systematic Review and Network Meta-Analysis",medrxiv,2026,10.1101/2025.09.28.25336821,,,medrxiv,Preprint,True,general_medical_gp_updates;guidelines_reviews_high_level_evidence,9,7,16,preprint_watch,https://doi.org/10.1101/2025.09.28.25336821,IntroductionSoft tissue sarcomas (STS) are rare malignancies with diverse histological subtypes and an incidence of approximately 40 cases per million annually. Interpretation should remain cautious because this is abstract-level surveillance.
2026-05-30,"The hook effect in macroprolactinomas: tumor size thresholds, prolactin patterns, and clinical consequences - a systematic review.",Pituitary,2026,10.1007/s11102-026-01705-6,42213208,8005924,PubMed,"Journal Article, Systematic Review, Review",False,guidelines_reviews_high_level_evidence,5,6,11,watchlist,https://pubmed.ncbi.nlm.nih.gov/42213208/,"PURPOSE: The immunoassay ""hook effect"" may cause spuriously low prolactin (PRL) measurements in patients with macroprolactinomas, leading to misdiagnosis and inappropriate management. Interpretation should remain cautious because this is abstract-level surveillance."
2026-05-30,Cancer Prevalence Trends in Kyrgyzstan (2020-2026): A Population-Based Epidemiologic Analysis.,JCO global oncology,2026,10.1200/GO-26-00137,42214045,,PubMed,Journal Article,False,cytopathology_small_biopsy;general_medical_gp_updates,8,2,10,watchlist,https://pubmed.ncbi.nlm.nih.gov/42214045/,"PURPOSE: Cancer represents a growing public health challenge in Kyrgyzstan, with increasing incidence and cumulative prevalence in recent years. Interpretation should remain cautious because this is abstract-level surveillance."
2026-05-30,A multisociety consensus statement on a new common definition and diagnostic criteria for PSVD or NCPF.,Hepatol Int,2026,10.1007/s12072-026-11105-4,42207228,,Europe PMC,journal article,False,general_pathology_research;guidelines_reviews_high_level_evidence,11,-2,9,watchlist,https://europepmc.org/article/MED/42207228,No abstract available. Check the full text before interpreting. Interpretation should remain cautious because this is abstract-level surveillance.
2026-05-30,Creation of an mHealth Infrastructure to Support the Development and Delivery of mHealth Interventions: Protocol for Demonstration Projects Addressing Smoking Cessation in Cancer Care.,JMIR research protocols,2026,10.2196/92288,42214073,,PubMed,Journal Article,False,digital_computational_pathology;general_medical_gp_updates,8,1,9,watchlist,https://pubmed.ncbi.nlm.nih.gov/42214073/,BACKGROUND: Cancer remains a leading cause of morbidity worldwide. Interpretation should remain cautious because this is abstract-level surveillance.
2026-05-30,Virological investigation and comparative genomic analysis of elephant endotheliotropic herpesvirus 1B infection in an Australian captive herd of Asian elephants (Elephas maximus).,PloS one,2026,10.1371/journal.pone.0345964,42213733,,PubMed,"Journal Article, Case Reports",False,molecular_ihc_biomarkers,7,2,9,watchlist,https://pubmed.ncbi.nlm.nih.gov/42213733/,"Elephant endotheliotropic herpesviruses (EEHV) pose a significant threat to the conservation of Asian elephants (Elephas maximus) worldwide, with a high mortality rate in young elephants. Interpretation should remain cautious because this is abstract-level surveillance."
2026-05-30,Explainable AI for Data-Driven Design of High-Dimensional Predictive Studies,medrxiv,2026,10.64898/2026.05.21.26353781,,,medrxiv,Preprint,True,digital_computational_pathology;guidelines_reviews_high_level_evidence,10,-1,9,preprint_watch,https://doi.org/10.64898/2026.05.21.26353781,Predictive modelling is important for health data analysis and data-driven clinical decision-making. Interpretation should remain cautious because this is abstract-level surveillance.
2026-05-30,Data-driven personalized surgical treatment selection for metopic and sagittal craniosynostosis.,Journal of neurosurgery. Pediatrics,2026,10.3171/2026.1.PEDS25397,42214106,,PubMed,Journal Article,False,general_pathology_research,6,2,8,watchlist,https://pubmed.ncbi.nlm.nih.gov/42214106/,"OBJECTIVE: Although the choice of surgical treatment for craniosynostosis is based on patient age and phenotypic severity, there are no tools to objectively identify optimal treatment approaches. Interpretation should remain cautious because this is abstract-level surveillance."
2026-05-30,Excess nitric oxide alters cellular pH to restrict salicylic acid movement and systemic immunity.,Science advances,2026,10.1126/sciadv.adz4776,42213848,,PubMed,Journal Article,False,molecular_ihc_biomarkers,6,2,8,watchlist,https://pubmed.ncbi.nlm.nih.gov/42213848/,Plants carrying a mutation in S-nitrosoglutathione reductase 1 (GSNOR1) accumulate high nitric oxide (NO) and exhibit impaired immunity characterized by reduced pathogen-responsive salicylic acid (SA) accumulation and failure to activate normal SA signaling. Interpretation should remain cautious because this is abstract-level surveillance.
2026-05-30,MECP2 Variant Spectrum and Genotype-Phenotype Correlations in Iranian Rett Syndrome Patients: Identification of a Novel Frameshift Mutation.,Journal of molecular neuroscience : MN,2026,10.1007/s12031-026-02545-6,42213295,10895005,PubMed,Journal Article,False,molecular_ihc_biomarkers,6,2,8,watchlist,https://pubmed.ncbi.nlm.nih.gov/42213295/,"Background rett syndrome (RTT) is a severe X-linked neurodevelopmental disorder primarily affecting females, predominantly caused by pathogenic variants in the MECP2 gene. Interpretation should remain cautious because this is abstract-level surveillance."
2026-05-30,Patient-reported outcomes following operative and nonoperative management of A3 versus A4 thoracolumbar burst fractures.,Journal of neurosurgery. Spine,2026,10.3171/2026.1.SPINE251316,42214102,,PubMed,Journal Article,False,general_pathology_research,6,2,8,watchlist,https://pubmed.ncbi.nlm.nih.gov/42214102/,OBJECTIVE: The aim of this study was to compare patient-report outcome measures in patients with thoracolumbar burst fractures managed either operatively or nonoperatively. Interpretation should remain cautious because this is abstract-level surveillance.
2026-05-30,Deep Learning-Based Multiclass Classification of Mitral Valve Etiologies Using Limited B-Mode and Color Doppler Echocardiography: Internal and External Validation,medrxiv,2026,10.64898/2026.01.09.26343662,,,medrxiv,Preprint,True,digital_computational_pathology,6,2,8,preprint_watch,https://doi.org/10.64898/2026.01.09.26343662,BackgroundAccurate etiologic classification of the mitral valve (MV) is essential for guiding clinical management but remains dependent on expert visual interpretation. Interpretation should remain cautious because this is abstract-level surveillance.
2026-05-30,NiCLIP: Neuroimaging contrastive language-image pretraining model for predicting text from brain activation images,biorxiv,2026,10.1101/2025.06.14.659706,,,biorxiv,Preprint,True,guidelines_reviews_high_level_evidence,5,3,8,preprint_watch,https://doi.org/10.1101/2025.06.14.659706,Predicting cognitive processes from brain activation maps has remained an open question within the neuroscience community for many years. Interpretation should remain cautious because this is abstract-level surveillance.
2026-05-30,Resolving inflammatory bowel disease risk variants to genes and cell types,medrxiv,2026,10.64898/2026.05.13.26352926,,,medrxiv,Preprint,True,guidelines_reviews_high_level_evidence,5,3,8,preprint_watch,https://doi.org/10.64898/2026.05.13.26352926,"Inflammatory bowel diseases (IBD), principally Crohns disease (CD) and ulcerative colitis (UC), are common chronic disorders involving inflammation and often progressive tissue damage. Interpretation should remain cautious because this is abstract-level surveillance."
2026-05-30,The Biobank Rare Variant consortium powers the discovery of rare genetic associations through global collaboration,medrxiv,2026,10.64898/2026.05.21.26353759,,,medrxiv,Preprint,True,guidelines_reviews_high_level_evidence,5,3,8,preprint_watch,https://doi.org/10.64898/2026.05.21.26353759,"Rare coding variants can have large effects on disease risk and provide direct routes from human genetics to disease mechanisms and therapeutic targets, but their discovery is constrained by sample size, particularly for low-prevalence diseases. Interpretation should remain cautious because this is abstract-level surveillance."
2026-05-30,Guidance on artificial intelligence use for rapid evidence mapping of early childhood intervention outcome measures.,Developmental medicine and child neurology,2026,10.1111/dmcn.70323,42214063,,PubMed,Journal Article,False,digital_computational_pathology,5,2,7,watchlist,https://pubmed.ncbi.nlm.nih.gov/42214063/,"AIM: To synthesize research evidence on the psychometric properties of outcome measures alongside practical implementation considerations relevant to children, families, practitioners, and services, and produce evidence-based practice resources to support clinical decision-making in outcome measurement for the early childhood intervention (ECI) context. Interpretation should remain cautious because this is abstract-level surveillance."
2026-05-30,"Artificial Intelligence-Based Chatbots in Genetic Counseling Practice: Current Uptake, Utilization, and Perspectives",medrxiv,2026,10.64898/2026.05.21.26353789,,,medrxiv,Preprint,True,digital_computational_pathology;general_medical_gp_updates,8,-1,7,preprint_watch,https://doi.org/10.64898/2026.05.21.26353789,"AI-driven chatbots have been utilized in healthcare to automate administrative tasks, improve patient education, and expand access to medical information; however, their role in genetic counseling remains underexplored. Interpretation should remain cautious because this is abstract-level surveillance."
2026-05-30,Interpreting Omics Data Analysis with Large Language Models for Disease Target and Drug Discovery,biorxiv,2026,10.64898/2026.04.30.721768,,,biorxiv,Preprint,True,molecular_ihc_biomarkers,6,1,7,preprint_watch,https://doi.org/10.64898/2026.04.30.721768,"In biomedical scientific discovery, synthesizing prior knowledge from the literature is an essential component of interpreting numerical omics data analyses for disease target identification and drug discovery. Interpretation should remain cautious because this is abstract-level surveillance."
2026-05-30,Somatic copy-number alteration signatures reveal sex-divergent aging trajectories accelerated in cancer,biorxiv,2026,10.64898/2026.05.20.726597,,,biorxiv,Preprint,True,molecular_ihc_biomarkers,6,1,7,preprint_watch,https://doi.org/10.64898/2026.05.20.726597,"Somatic copy-number alterations (CNAs) accumulate with age and contribute to age-related pathologies, but their systematic characterization at single-cell resolution has been limited by the throughput-resolution trade-off in single-cell whole-genome sequencing. Interpretation should remain cautious because this is abstract-level surveillance."
2026-05-30,Prevalence of PD-L1 Expression in Non-Small Cell Lung Cancer: A Real-World Analysis From Jordan.,JCO global oncology,2026,10.1200/GO-26-00114,42214046,,PubMed,"Journal Article, Observational Study",False,molecular_ihc_biomarkers;legacy_project_watch_low_priority,3,2,5,watchlist,https://pubmed.ncbi.nlm.nih.gov/42214046/,PURPOSE: Lung cancer remains the leading cause of cancer-related mortality worldwide. Interpretation should remain cautious because this is abstract-level surveillance.
2026-05-30,"Reply to: Comment on ""Evaluating C-Reactive Protein in Drainage Fluid as a Predictive Biomarker for Clinically Relevant Pancreatic Fistulas Following Pancreaticoduodenectomy"" by Xia, Jiajia.",Annals of surgical oncology,2026,10.1245/s10434-026-19817-5,42213259,,PubMed,Letter,False,molecular_ihc_biomarkers;novel_treatment_pathology_linked,12,-7,5,watchlist,https://pubmed.ncbi.nlm.nih.gov/42213259/,No abstract available. Check the full text before interpreting. Interpretation should remain cautious because this is abstract-level surveillance.
2026-05-30,Toxicity Under-Reporting in Early-Phase Plasma Cell Dyscrasia Clinical Trial Abstracts.,JCO oncology practice,2026,10.1200/OP-25-01244,42214053,,PubMed,Journal Article,False,,0,5,5,watchlist,https://pubmed.ncbi.nlm.nih.gov/42214053/,"PURPOSE: Information regarding treatment toxicity obtained from phase I clinical trials is crucial to inform drug development and patient care, yet no mandatory standards exist for adverse event (AE) reporting within early-phase studies, nor any uniform criteria that define tolerability. Interpretation should remain cautious because this is abstract-level surveillance."
2026-05-30,Cognitive test performance in CLN3 Disease is associated with the CLN3 Staging System (CLN3SS),medrxiv,2026,10.64898/2026.05.21.26353662,,,medrxiv,Preprint,True,general_pathology_research,6,-1,5,preprint_watch,https://doi.org/10.64898/2026.05.21.26353662,"CLN3 disease is an inherited neurodegenerative disease, typically with childhood onset, and characterized by vision loss, seizures, cognitive decline, and difficulties. Interpretation should remain cautious because this is abstract-level surveillance."
2026-05-30,Extracellular vesicles associate with infectious geminiviral particles in the apoplast of infected plants.,biorxiv,2026,10.64898/2026.05.22.727136,,,biorxiv,Preprint,True,general_pathology_research,6,-1,5,preprint_watch,https://doi.org/10.64898/2026.05.22.727136,Plant viruses have evolved diverse strategies to facilitate their movement and survival within the host. Interpretation should remain cautious because this is abstract-level surveillance.
2026-05-30,Human Phenotype Ontology (HPO) Mapper: Semantic Mapping of Clinical Findings to the Human Phenotype Ontology Using AI-Powered Embeddings and LLM-Based Quality Control,medrxiv,2026,10.64898/2025.12.20.25342726,,,medrxiv,Preprint,True,laboratory_medicine_transfusion,4,1,5,preprint_watch,https://doi.org/10.64898/2025.12.20.25342726,BackgroundStructured phenotypic annotations linked to genetic data can drive diagnostic insight and therapeutic discovery in complex diseases. Interpretation should remain cautious because this is abstract-level surveillance.
2026-05-30,"Associations of Baseline Clinical Phenotypes With White Matter Hyperintensity Volume Change: A Study of 4,329 UK Biobank Participants.",Neurology,2026,10.1212/WNL.0000000000218085,42214040,,PubMed,Journal Article,False,,0,4,4,watchlist,https://pubmed.ncbi.nlm.nih.gov/42214040/,BACKGROUND AND OBJECTIVES: White matter hyperintensities (WMHs) relate to cognitive and physical impairment. Interpretation should remain cautious because this is abstract-level surveillance.
2026-05-30,"Changes in milk yield, composition, and udder morphology during early lactation according to weaning management period in Sicilo-Sarde ewes.",Trop Anim Health Prod,2026,10.1007/s11250-026-05108-4,42207422,,Europe PMC,journal article,False,general_pathology_research,6,-2,4,watchlist,https://europepmc.org/article/MED/42207422,No abstract available. Check the full text before interpreting. Interpretation should remain cautious because this is abstract-level surveillance.
2026-05-30,"Clinical utility of metagenomic next-generation sequencing in precision diagnosis of infectious diseases: a retrospective study based on bronchoalveolar lavage fluid, blood, and cerebrospinal fluid.",Eur J Clin Microbiol Infect Dis,2026,10.1007/s10096-026-05552-y,42207373,,Europe PMC,journal article,False,molecular_ihc_biomarkers,6,-2,4,watchlist,https://europepmc.org/article/MED/42207373,No abstract available. Check the full text before interpreting. Interpretation should remain cautious because this is abstract-level surveillance.
2026-05-30,"Erythrina caffra extract restores memory, modulates cholinergic dysfunction, neuroinflammation, and attenuates oxidative stress in cadmium-induced alzheimer's disease-like pathology in rats.",Mol Biol Rep,2026,10.1007/s11033-026-12036-x,42207225,,Europe PMC,journal article,False,general_pathology_research,6,-2,4,watchlist,https://europepmc.org/article/MED/42207225,No abstract available. Check the full text before interpreting. Interpretation should remain cautious because this is abstract-level surveillance.
2026-05-30,Prostate Cancer Treatment Patterns and Inequities Among Racial Groups in Brazil's Public Health System: Insights From a 16-Year Real-World Study.,JCO global oncology,2026,10.1200/GO-25-00712,42214044,,PubMed,Journal Article,False,,0,4,4,watchlist,https://pubmed.ncbi.nlm.nih.gov/42214044/,PURPOSE: The Brazilian Public Health System (BPHS) provides sole health coverage for approximately 77% of the population. Interpretation should remain cautious because this is abstract-level surveillance.
2026-05-30,Sleep Traits and Cognitive Function: A Prospective Cohort Study With Exploration of Inflammatory Biomarkers.,Brain and behavior,2026,10.1002/brb3.71514,42213732,,PubMed,Journal Article,False,,0,4,4,watchlist,https://pubmed.ncbi.nlm.nih.gov/42213732/,"INTRODUCTION: Although sleep disturbance is closely linked to cognitive impairment, the specific sleep-related characteristics driving this deficit remain undetermined, with the mechanistic contribution of biomarkers also poorly characterized. Interpretation should remain cautious because this is abstract-level surveillance."
2026-05-30,"Ultrasound grading of hepatic steatosis and its metabolic and endocrine correlates among adults with MASLD in Duhok, Iraq: a cross-sectional study.",J Ultrasound,2026,10.1007/s40477-026-01172-6,42207475,,Europe PMC,journal article,False,general_pathology_research,6,-2,4,watchlist,https://europepmc.org/article/MED/42207475,No abstract available. Check the full text before interpreting. Interpretation should remain cautious because this is abstract-level surveillance.
2026-05-30,"Sexually Transmitted and Bloodborne Infections, Methamphetamine Use, and COVID-19 Vaccination in Manitoba, Canada: A Retrospective Matched Cohort Analysis Using Population-Based Administrative Healthcare Data (2020-2022)",medrxiv,2026,10.64898/2026.05.18.26353507,,,medrxiv,Preprint,True,general_medical_gp_updates,3,1,4,watchlist,https://doi.org/10.64898/2026.05.18.26353507,"ObjectivesTo examine COVID-19 vaccine uptake among people diagnosed with sexually transmitted and bloodborne infections (STBBI) and reported methamphetamine users in Manitoba, Canada, during the acute phase of the COVID-19 pandemic. Interpretation should remain cautious because this is abstract-level surveillance."
2026-05-30,Predictors of pathologic complete response in early-stage triple-negative breast cancer treated with neoadjuvant chemo-immunotherapy: a multi-institution study.,Breast Cancer Res Treat,2026,10.1007/s10549-026-07984-8,42207343,,Europe PMC,multicenter study; journal article,False,novel_treatment_pathology_linked,5,-2,3,watchlist,https://europepmc.org/article/MED/42207343,No abstract available. Check the full text before interpreting. Interpretation should remain cautious because this is abstract-level surveillance.
2026-05-30,Determinants of specificity and end-user acceptability of an IP-10-based point-of-care triage test for antiretroviral therapy monitoring in Mozambique,medrxiv,2026,10.64898/2026.05.22.26353111,,,medrxiv,Preprint,True,general_medical_gp_updates,4,-1,3,watchlist,https://doi.org/10.64898/2026.05.22.26353111,IntroductionViral load (VL) monitoring is the gold standard for antiretroviral therapy (ART) monitoring. Interpretation should remain cautious because this is abstract-level surveillance.
2026-05-30,Efficacy Validation of a Novel MRI-Based Whole-Body Rapid Bone Scan (WB-RBS) Strategy for Diagnosing Bone Metastases: A Prospective Trial,medrxiv,2026,10.64898/2026.05.17.26352855,,,medrxiv,Preprint,True,general_medical_gp_updates,3,0,3,watchlist,https://doi.org/10.64898/2026.05.17.26352855,BackgroundTraditional bone scintigraphy for detecting malignant bone metastases is limited by suboptimal accuracy and radiation exposure. Interpretation should remain cautious because this is abstract-level surveillance.
2026-05-30,Impact of Imaging Protocols on Thermal Detection of Pressure Injuries: Threshold versus Deep Learning Across Skin Tones,medrxiv,2026,10.64898/2026.05.21.26353842,,,medrxiv,Preprint,True,digital_computational_pathology,5,-2,3,watchlist,https://doi.org/10.64898/2026.05.21.26353842,Pressure injuries represent a significant healthcare challenge requiring early detection to prevent severe complications. Interpretation should remain cautious because this is abstract-level surveillance.
2026-05-30,Ergothioneine exerts neuroprotection in experimental ischemic stroke via activation of PI3K/Akt/Nrf2 pathway.,Neuroreport,2026,10.1097/WNR.0000000000002273,42214028,,PubMed,Journal Article,False,,0,2,2,watchlist,https://pubmed.ncbi.nlm.nih.gov/42214028/,BACKGROUND: Ischemic stroke is a leading cause of serious long-term disability and mortality worldwide. Interpretation should remain cautious because this is abstract-level surveillance.
2026-05-30,Target product profiles of laboratory and data analytical frameworks for genotyping to monitor antimalarial efficacy.,PLOS global public health,2026,10.1371/journal.pgph.0006500,42213656,,PubMed,Journal Article,False,,0,2,2,watchlist,https://pubmed.ncbi.nlm.nih.gov/42213656/,Therapeutic efficacy studies (TESs) are the standard to evaluate antimalarial drug efficacy and guide malaria treatment policy. Interpretation should remain cautious because this is abstract-level surveillance.
2026-05-30,The Role of Lactic Acid Bacteria in Colon Cancer Mitigation: Insights into Mechanisms of Action.,Advances in experimental medicine and biology,2026,10.1007/978-3-032-24254-9_9,42213327,8701325,PubMed,"Journal Article, Review",False,,0,2,2,watchlist,https://pubmed.ncbi.nlm.nih.gov/42213327/,"Lactic acid bacteria (LAB) have garnered significant attention for their potential role in mitigating cancer through various mechanisms of action, such as immunoregulation. Interpretation should remain cautious because this is abstract-level surveillance."
2026-05-30,"Brain shuttle target expression levels vary by individual, not by brain region, disease, age, or sex",biorxiv,2026,10.64898/2026.05.21.726908,,,biorxiv,Preprint,True,,0,2,2,watchlist,https://doi.org/10.64898/2026.05.21.726908,Therapeutics fused to brain shuttles that exploit endogenous receptor-mediated transport at the blood-brain barrier (BBB) offer a promising strategy to deliver large molecule drugs and biologics to the CNS. Interpretation should remain cautious because this is abstract-level surveillance.
2026-05-30,"Health insurance coverage, affordability barriers, and treatment gaps among Kenyan adults with diagnosed hypertension or diabetes before the Social Health Authority transition: a sex-stratified analysis of the 2022 Kenya Demographic and Health Survey",medrxiv,2026,10.64898/2026.05.14.26353157,,,medrxiv,Preprint,True,general_medical_gp_updates,3,-1,2,watchlist,https://doi.org/10.64898/2026.05.14.26353157,"BackgroundKenya replaced the National Health Insurance Fund with the Social Health Authority in October 2024, making the 2022 Kenya Demographic and Health Survey the last nationally representative pre-transition baseline. Interpretation should remain cautious because this is abstract-level surveillance."
2026-05-30,"Sustained Specific EBOV GP Immunogenicity Five-Years Post-Vaccination: Longitudinal Results from North Kivu and Equateur, Democratic Republic of the Congo",medrxiv,2026,10.64898/2026.05.19.26353493,,,medrxiv,Preprint,True,general_medical_gp_updates,3,-1,2,watchlist,https://doi.org/10.64898/2026.05.19.26353493,"Ebola virus disease (EVD), caused by the Ebola virus (EBOV), is characterized by high morbidity and mortality, with 16 distinct EVD outbreaks reported in the Democratic Republic of the Congo (DRC), alone. Interpretation should remain cautious because this is abstract-level surveillance."
2026-05-30,Using Natural Language Processing of Clinical Notes to Supplement Structured Electronic Health Record Data for Phenotyping Smoking and Obesity in a Healthcare System,medrxiv,2026,10.64898/2026.01.18.26344356,,,medrxiv,Preprint,True,general_medical_gp_updates,3,-1,2,watchlist,https://doi.org/10.64898/2026.01.18.26344356,"PurposeStudies based on electronic health records (EHR) often rely on structured data, which may incompletely capture important clinical phenotypes in EHR notes. Interpretation should remain cautious because this is abstract-level surveillance."
2026-05-30,Feasibility of Capillary Self-Collected Blood Specimens for Routine Outpatient Laboratory Testing.,J Appl Lab Med,2026,10.1093/jalm/jfag075,42206470,,Europe PMC,im; journal article,False,general_medical_gp_updates,3,-2,1,watchlist,https://europepmc.org/article/MED/42206470,No abstract available. Check the full text before interpreting. Interpretation should remain cautious because this is abstract-level surveillance.
2026-05-30,Exercise Stress Echocardiography Unmasks Subclinical Cardiovascular Dysfunction in Midlife Women Following Hypertensive Disorders of Pregnancy,medrxiv,2026,10.64898/2026.05.21.26353584,,,medrxiv,Preprint,True,,0,1,1,watchlist,https://doi.org/10.64898/2026.05.21.26353584,"BackgroundHypertensive disorders of pregnancy (HDP) are a risk factor for early cardiovascular disease in women, perhaps related to adverse cardiovascular reactivity to physiologic stress. Interpretation should remain cautious because this is abstract-level surveillance."
2026-05-30,Hailey-Hailey disease models identify synergistic therapeutic effects of MEK and ROCK inhibition,biorxiv,2026,10.64898/2026.05.20.726679,,,biorxiv,Preprint,True,general_pathology_research,4,-3,1,watchlist,https://doi.org/10.64898/2026.05.20.726679,Hailey-Hailey disease (HHD) is a genetic skin blistering disorder lacking approved treatments despite linkage to ATP2C1 variants 25 years ago. Interpretation should remain cautious because this is abstract-level surveillance.
2026-05-30,In Vivo 4D Oxy-Wavelet MRI as a Non-Invasive Biomarker of Brain Mitochondrial Function across the Lifespan,biorxiv,2026,10.64898/2026.05.21.726892,,,biorxiv,Preprint,True,molecular_ihc_biomarkers,4,-3,1,watchlist,https://doi.org/10.64898/2026.05.21.726892,Mitochondria are essential for cellular energy production and are particularly critical for brain development and function. Interpretation should remain cautious because this is abstract-level surveillance.
2026-05-30,Microglial Foxo3 shapes dopaminergic vulnerability in Parkinson disease,biorxiv,2026,10.64898/2026.05.22.727098,,,biorxiv,Preprint,True,general_pathology_research,4,-3,1,watchlist,https://doi.org/10.64898/2026.05.22.727098,"Neurodegenerative diseases such as Parkinsons disease (PD) result from complex interactions between neuronal stress and the surrounding tissue environment, yet the determinants that govern this interplay remain incompletely understood. Interpretation should remain cautious because this is abstract-level surveillance."
2026-05-30,Hormonal functional status and prognostic stratification in adrenocortical carcinoma: a single-center retrospective cohort study.,Clin Transl Oncol,2026,10.1007/s12094-026-04409-2,42207431,,Europe PMC,journal article,False,,0,0,0,skip,https://europepmc.org/article/MED/42207431,No abstract available. Check the full text before interpreting. Interpretation should remain cautious because this is abstract-level surveillance.
2026-05-30,Triglyceride-glucose index and subclinical left ventricular dysfunction across cardiovascular-kidney-metabolic syndrome stages: a 7-year retrospective cohort study,Front Endocrinol (Lausanne),,,,PMC13201156,Europe PMC,research-article; journal article,False,,0,0,0,skip,,No abstract available. Check the full text before interpreting. Interpretation should remain cautious because this is abstract-level surveillance.
2026-05-30,Antigenic seniority and convergent haemagglutinin evolution shaped the immune landscape preceding influenza B/Yamagata's extinction,medrxiv,2026,10.64898/2026.05.17.26353389,,,medrxiv,Preprint,True,general_medical_gp_updates,1,-1,0,skip,https://doi.org/10.64898/2026.05.17.26353389,"BackgroundIn 2020, the B/Yamagata lineage of influenza B disappeared from circulation. Interpretation should remain cautious because this is abstract-level surveillance."
2026-05-30,Targeting EP2/EP4-driven expansion of suppressive VSIG4high macrophages overcomes immunotherapy resistance in colorectal cancer.,Cell reports,2026,10.1016/j.celrep.2026.117450,42213779,,PubMed,Journal Article,False,novel_treatment_pathology_linked,1,-2,-1,skip,https://pubmed.ncbi.nlm.nih.gov/42213779/,Tumor-associated macrophages (TAMs) pose a significant obstacle to successful cancer immunotherapy in colorectal cancer (CRC). Interpretation should remain cautious because this is abstract-level surveillance.
2026-05-30,A Dynamic Genetic Atlas of Gestational Phenotypes,medrxiv,2026,10.1101/2024.10.15.24315491,,,medrxiv,Preprint,True,,0,-1,-1,skip,https://doi.org/10.1101/2024.10.15.24315491,"The [~]40-week gestational period is central to human reproduction, yet the genetic architecture of diverse gestational phenotypes and their links to maternal late-life health remain unclear. Interpretation should remain cautious because this is abstract-level surveillance."
2026-05-30,Asymmetry between warmth and clinical substance in multilingual consumer health AI,medrxiv,2026,10.64898/2026.05.09.26352813,,,medrxiv,Preprint,True,,0,-1,-1,skip,https://doi.org/10.64898/2026.05.09.26352813,"BackgroundA patient has little way to verify a chatbots health advice and is left to judge it by how it sounds: warm, fluent, and attentive. Interpretation should remain cautious because this is abstract-level surveillance."
2026-05-30,Beyond Acute Jaundice: refining case definitions for suspected hepatitis E in South Sudan and Bangladesh,medrxiv,2026,10.1101/2025.10.03.25337273,,,medrxiv,Preprint,True,,0,-1,-1,skip,https://doi.org/10.1101/2025.10.03.25337273,The true burden of hepatitis E is poorly understood due to a lack of routine diagnostic testing and nonspecific symptoms. Interpretation should remain cautious because this is abstract-level surveillance.
2026-05-30,Cells Engage Endogenous Malonate Synthesis to Drive Mitochondrial Metabolism,biorxiv,2026,10.64898/2026.05.22.727248,,,biorxiv,Preprint,True,,0,-1,-1,skip,https://doi.org/10.64898/2026.05.22.727248,Malonate is often described as an endogenous inhibitor of complex II of the electron transport chain. Interpretation should remain cautious because this is abstract-level surveillance.
2026-05-30,Characteristics of the C4 bundle sheath emerge in C3 rice after editing a plasma membrane proton ATPase,biorxiv,2026,10.64898/2026.05.22.727108,,,biorxiv,Preprint,True,,0,-1,-1,skip,https://doi.org/10.64898/2026.05.22.727108,"C4 photosynthesis improves light, water and nitrogen-use efficiencies and can raise yield by 50% compared with the ancestral C3 pathway. Interpretation should remain cautious because this is abstract-level surveillance."
2026-05-30,CMAPS: Causal Mediation Analysis of Perturbation Screens with Application to Genome-scale Perturb-seq Data,biorxiv,2026,10.64898/2026.05.21.726924,,,biorxiv,Preprint,True,,0,-1,-1,skip,https://doi.org/10.64898/2026.05.21.726924,"CRISPR-Cas9 perturbation screens coupled with single-cell multi-omic profiling enable dissection of gene regulatory mechanisms, yet existing analyses largely quantify total perturbation effects and offer limited insight into the molecular intermediates that transmit these effects. Interpretation should remain cautious because this is abstract-level surveillance."
2026-05-30,Development and evaluation of the cooperative experiences measure,medrxiv,2026,10.64898/2026.05.21.26353820,,,medrxiv,Preprint,True,,0,-1,-1,skip,https://doi.org/10.64898/2026.05.21.26353820,"Given the growing crisis in youth mental health, there is a critical need to rebuild and sustain healthy social environments. Interpretation should remain cautious because this is abstract-level surveillance."
2026-05-30,Developmental conversion of the nucleolus into an RNA Polymerase II transcriptional platform in Drosophila spermatocytes,biorxiv,2026,10.64898/2026.05.20.726666,,,biorxiv,Preprint,True,,0,-1,-1,skip,https://doi.org/10.64898/2026.05.20.726666,The nucleolus is widely regarded as a specialized compartment for RNA polymerase I (Pol I)-driven ribosomal RNA transcription and ribosome biogenesis. Interpretation should remain cautious because this is abstract-level surveillance.
2026-05-30,Evaluation of the Contribution of Natural Selection to Greater Cardiometabolic Disease Risk in South Asian Populations,medrxiv,2026,10.64898/2026.05.15.26353234,,,medrxiv,Preprint,True,,0,-1,-1,skip,https://doi.org/10.64898/2026.05.15.26353234,A greater genetic susceptibility has been proposed as an explanation of the greater rates of cardiovascular and metabolic disease in South Asian relative to European populations. Interpretation should remain cautious because this is abstract-level surveillance.
2026-05-30,Extending the seasons at both ends? Understanding the physiological and genetic context required for stay green mediated yield increase in wheat (Triticum aestivum),biorxiv,2026,10.64898/2026.05.22.727135,,,biorxiv,Preprint,True,,0,-1,-1,skip,https://doi.org/10.64898/2026.05.22.727135,Flowering time and monocarpic senescence are tightly environmentally and genetically controlled. Interpretation should remain cautious because this is abstract-level surveillance.
2026-05-30,Functional brain network correlates of pubertal timing and depressive symptoms in preadolescence,biorxiv,2026,10.64898/2026.05.22.727009,,,biorxiv,Preprint,True,,0,-1,-1,skip,https://doi.org/10.64898/2026.05.22.727009,"BACKGROUNDVariation in pubertal maturation relative to same-age, same-sex peers (pubertal timing) has been linked to increased risk for depressive symptoms during adolescence. Interpretation should remain cautious because this is abstract-level surveillance."
2026-05-30,Functional partitioning of lipoic acid decouples cellular abundance from mitochondrial utilization,biorxiv,2026,10.64898/2026.05.22.727209,,,biorxiv,Preprint,True,,0,-1,-1,skip,https://doi.org/10.64898/2026.05.22.727209,"-Lipoic acid (LA) is widely included in ""mitochondrial cocktails"" recommended to patients with primary mitochondrial disorders, yet its mechanism of action remains unclear. Interpretation should remain cautious because this is abstract-level surveillance."
2026-05-30,Gain-of-function CCaMK in rice overrides genetic and anatomical barriers to arbuscular mycorrhizal colonisation,biorxiv,2026,10.64898/2026.05.21.726799,,,biorxiv,Preprint,True,,0,-1,-1,skip,https://doi.org/10.64898/2026.05.21.726799,Arbuscular mycorrhizal (AM) symbiosis is conserved across land plants and is the default nutrient uptake strategy in nature. Interpretation should remain cautious because this is abstract-level surveillance.
2026-05-30,Glycogen deficiency impairs diurnal energy metabolism and cell division in Synechocystis,biorxiv,2026,10.64898/2026.05.22.726976,,,biorxiv,Preprint,True,,0,-1,-1,skip,https://doi.org/10.64898/2026.05.22.726976,Diurnal changes in light availability are a defining feature of life on Earth. Interpretation should remain cautious because this is abstract-level surveillance.
2026-05-30,HIDDEN APICOMPLEXAN PARASITE DIVERSITY LINKS CORAL AND PLANKTON MICROBIOMES ACROSS REEF SEASCAPES,biorxiv,2026,10.64898/2026.05.20.726672,,,biorxiv,Preprint,True,,0,-1,-1,skip,https://doi.org/10.64898/2026.05.20.726672,"Parasitism is one of the most widespread trophic strategies in nature, though its diversity and ecological distribution in marine ecosystems remain poorly characterized. Interpretation should remain cautious because this is abstract-level surveillance."
2026-05-30,Impact of minimum wage increases on homicide mortality in the US,medrxiv,2026,10.64898/2026.05.21.26353800,,,medrxiv,Preprint,True,,0,-1,-1,skip,https://doi.org/10.64898/2026.05.21.26353800,"IntroductionEven though state minimum wage (MW) is a policy lever that affects income and poverty and can prevent of violence, no prior study has comprehensively evaluated its impact in the United States (US). Interpretation should remain cautious because this is abstract-level surveillance."
2026-05-30,Molecular Characterization of the Progressive Landscape of Depression,biorxiv,2026,10.64898/2026.05.22.727217,,,biorxiv,Preprint,True,,0,-1,-1,skip,https://doi.org/10.64898/2026.05.22.727217,"Major Depressive Disorder (MDD) frequently follows a recurrent trajectory of episodes and remissions, often culminating in treatment-resistance. Interpretation should remain cautious because this is abstract-level surveillance."
2026-05-30,MyeGPT: an AI agent for Multiple Myeloma,medrxiv,2026,10.64898/2026.05.14.26353252,,,medrxiv,Preprint,True,,0,-1,-1,skip,https://doi.org/10.64898/2026.05.14.26353252,"Today, advancements in our understanding of cancer biology are increasingly attributed to large-scale clinical-molecular datasets. Interpretation should remain cautious because this is abstract-level surveillance."
2026-05-30,Nuclear basket localized proteasomes maintain circadian period through nuclear TOC1 proteolysis,biorxiv,2026,10.64898/2026.05.21.727017,,,biorxiv,Preprint,True,,0,-1,-1,skip,https://doi.org/10.64898/2026.05.21.727017,Post-translational control of circadian period can involve changes in protein intracellular localization to affect clock function. Interpretation should remain cautious because this is abstract-level surveillance.
2026-05-30,PerturbPlan: An analytical framework for designing Perturb-seq experiments,biorxiv,2026,10.64898/2026.05.22.727199,,,biorxiv,Preprint,True,,0,-1,-1,skip,https://doi.org/10.64898/2026.05.22.727199,CRISPR screens with single-cell RNA-seq readouts provide a powerful tool for characterizing the functions of noncoding elements and genes. Interpretation should remain cautious because this is abstract-level surveillance.
2026-05-30,Phosphorus-laden Mg/Fe Layered Double Hydroxide Dispersed on Douglas fir Biochar as a Controlled Release Fertilizer and its effect on the growth of bush beans (Phaseolus vurlagris).,biorxiv,2026,10.64898/2026.05.22.727001,,,biorxiv,Preprint,True,,0,-1,-1,skip,https://doi.org/10.64898/2026.05.22.727001,Many agricultural soils are deficient in key macronutrients needed for healthy plant development. Interpretation should remain cautious because this is abstract-level surveillance.
2026-05-30,"Rapid Assessment of Size, Shape, and Chemical Complementarity of Ligands for Computational Protein Design",biorxiv,2026,10.1101/2025.06.30.662286,,,biorxiv,Preprint,True,,0,-1,-1,skip,https://doi.org/10.1101/2025.06.30.662286,"Driven by deep-learning methods, computational protein design can now rapidly generate de novo structures, opening new frontiers for creating proteins that bind small molecules tightly and specifically, although achieving predictable and tunable binding remains challenging. Interpretation should remain cautious because this is abstract-level surveillance."
2026-05-30,Reduction of Pollen Number and Anther Length in Bread Wheat Studied by a Nested Association Mapping Population,biorxiv,2026,10.64898/2026.05.22.727104,,,biorxiv,Preprint,True,,0,-1,-1,skip,https://doi.org/10.64898/2026.05.22.727104,"The number of pollen grains, which carry male gametes in seed plants, has attracted interest in genetics, evolution, and breeding. Interpretation should remain cautious because this is abstract-level surveillance."
2026-05-30,The origin of mechanical advantage in angiosperms,biorxiv,2026,10.64898/2026.05.22.727130,,,biorxiv,Preprint,True,,0,-1,-1,skip,https://doi.org/10.64898/2026.05.22.727130,O_LIMechanical interaction between guard cells and epidermal pavement cells enables large stomatal apertures and high productivity in angiosperms. Interpretation should remain cautious because this is abstract-level surveillance.
2026-05-30,Thermal Discomfort and In-vitro Fertilization Treatment Outcomes,medrxiv,2026,10.64898/2026.05.21.26353705,,,medrxiv,Preprint,True,,0,-1,-1,skip,https://doi.org/10.64898/2026.05.21.26353705,BackgroundLiterature on the role of thermal discomfort (heat- and cold-stress) on in-vitro fertilization (IVF) outcomes are scarce and inconclusive. Interpretation should remain cautious because this is abstract-level surveillance.
2026-05-30,Time-Resolved Phosphoproteomics-Guided BFS Beam Search Reveals Cell-Type-Specific EGFR Signaling Architectures and SHP2 Inhibitor-Induced Pathway Rewiring,biorxiv,2026,10.64898/2026.03.20.712775,,,biorxiv,Preprint,True,,0,-1,-1,skip,https://doi.org/10.64898/2026.03.20.712775,"Adaptive resistance to kinase- and phosphatase-targeted therapies is frequently driven by pharmacological rewiring of intracellular signaling networks, yet systematic computational methods for quantifying cross-condition pathway changes from phosphoproteomic data remain limited. Interpretation should remain cautious because this is abstract-level surveillance."
2026-05-30,Transmission acceleration outperforms the endemic-channel threshold for dengue outbreak detection,medrxiv,2026,10.64898/2026.05.15.26353307,,,medrxiv,Preprint,True,,0,-1,-1,skip,https://doi.org/10.64898/2026.05.15.26353307,Extreme weather drives dengue transmission beyond historical spatial and temporal incidence patterns. Interpretation should remain cautious because this is abstract-level surveillance.
2026-05-30,Undetected isoniazid resistance leads to rifampin-resistant tuberculosis,medrxiv,2026,10.64898/2026.05.22.26353840,,,medrxiv,Preprint,True,,0,-1,-1,skip,https://doi.org/10.64898/2026.05.22.26353840,BackgroundIsoniazid resistance is the most common form of drug-resistant tuberculosis (TB) globally. Interpretation should remain cautious because this is abstract-level surveillance.
2026-05-30,Wild rice Oryza rufipogon outperforms cultivated rice in stimulating beneficial bacterial endophytes.,biorxiv,2026,10.64898/2026.05.22.727159,,,biorxiv,Preprint,True,,0,-1,-1,skip,https://doi.org/10.64898/2026.05.22.727159,"Beneficial interactions between plants and microorganisms strongly influence plant health and productivity, and root exudates play a central role in shaping these associations. Interpretation should remain cautious because this is abstract-level surveillance."
2026-05-30,"Willingness to Pay for Primary Health Care Services and Associated Factors in Eastern Kasai, Democratic Republic of the Congo",medrxiv,2026,10.64898/2026.05.21.26353764,,,medrxiv,Preprint,True,,0,-1,-1,skip,https://doi.org/10.64898/2026.05.21.26353764,"BackgroundIn the Democratic Republic of the Congo (DRC), health care financing relies heavily on out-of-pocket payments, limiting access to essential services. Interpretation should remain cautious because this is abstract-level surveillance."
2026-05-30,[A new regulatory mechanism of HIF-1α: the ROS-ATM-CHK2 axis at the core of tumor angiogenesis].,Medecine sciences : M/S,2026,10.1051/medsci/2026086,42213994,,PubMed,"Journal Article, Review",False,,0,-2,-2,skip,https://pubmed.ncbi.nlm.nih.gov/42213994/,No abstract available. Check the full text before interpreting. Interpretation should remain cautious because this is abstract-level surveillance.
2026-05-30,A rare solid tumor frequently misdiagnosed as lymphoma: primary colonic Epstein-Barr virus-positive inflammatory follicular dendritic cell sarcoma.,Virchows Arch,2026,10.1007/s00428-026-04581-4,42207301,,Europe PMC,journal article,False,,0,-2,-2,skip,https://europepmc.org/article/MED/42207301,No abstract available. Check the full text before interpreting. Interpretation should remain cautious because this is abstract-level surveillance.
2026-05-30,A STAT1/ETC/GBP1 axis represents a potential therapeutic target for noncommunicable granulomatous skin disease.,Science advances,2026,10.1126/sciadv.aea0773,42213834,,PubMed,Journal Article,False,,-2,0,-2,skip,https://pubmed.ncbi.nlm.nih.gov/42213834/,"Granuloma annulare (GA) and cutaneous sarcoidosis (cSAR) have an overlapping immunopathology, in which the aberrant activation of macrophages by IFN-γ constitutes a central driver. Interpretation should remain cautious because this is abstract-level surveillance."
2026-05-30,Advanced gas sensors &lt;i&gt;via&lt;/i&gt; nanoscale structure engineering and fabrication strategies.,Nanoscale,2026,10.1039/d5nr05470b,42207574,,Europe PMC,review; journal article,False,,0,-2,-2,skip,https://europepmc.org/article/MED/42207574,No abstract available. Check the full text before interpreting. Interpretation should remain cautious because this is abstract-level surveillance.
2026-05-30,Aided augmentative and alternative communication intervention for adults with developmental disabilities: a scoping review,International journal of developmental disabilities,,,,PMC13202668,Europe PMC,research-article; journal article,False,,0,-2,-2,skip,,No abstract available. Check the full text before interpreting. Interpretation should remain cautious because this is abstract-level surveillance.
2026-05-30,ALKBH4 confers ferroptosis resistance and drives tumorigenesis via dysregulation of GPX4 in breast cancer cells.,In Vitro Cell Dev Biol Anim,2026,10.1007/s11626-026-01184-w,42207440,,Europe PMC,journal article,False,,0,-2,-2,skip,https://europepmc.org/article/MED/42207440,No abstract available. Check the full text before interpreting. Interpretation should remain cautious because this is abstract-level surveillance.
2026-05-30,Association between circadian rhythm disruption and the risk of malignancy in patients with thyroid nodules: a propensity score-matched study,Front Endocrinol (Lausanne),,,,PMC13201181,Europe PMC,research-article; journal article,False,,0,-2,-2,skip,,No abstract available. Check the full text before interpreting. Interpretation should remain cautious because this is abstract-level surveillance.
2026-05-30,Circulating Tumor High Risk HPV DNA as the HPV-Specific Test in Oropharyngeal Squamous Cell Carcinoma Patients.,Head Neck Pathol,2026,10.1007/s12105-026-01911-5,42207402,,Europe PMC,journal article,False,,0,-2,-2,skip,https://europepmc.org/article/MED/42207402,No abstract available. Check the full text before interpreting. Interpretation should remain cautious because this is abstract-level surveillance.
2026-05-30,"Decoding sialidase: physiological roles, pathological pathways, and clinical opportunities",Front Cell Infect Microbiol,,,,PMC13201240,Europe PMC,review-article; review; journal article,False,,0,-2,-2,skip,,No abstract available. Check the full text before interpreting. Interpretation should remain cautious because this is abstract-level surveillance.
2026-05-30,Design of Inhibitory Peptides Based on TRPM4-KCTD5 Interaction.,Journal of chemical information and modeling,2026,10.1021/acs.jcim.6c00534,42214084,,PubMed,Journal Article,False,,-2,0,-2,skip,https://pubmed.ncbi.nlm.nih.gov/42214084/,"High expression of TRPM4 has been reported to be associated with pathologies that alter cytoskeletal rearrangement and cell migration, including fibrosis and metastatic cancer, across different cell lines. Interpretation should remain cautious because this is abstract-level surveillance."
2026-05-30,"Design, synthesis, and biological evaluation of glycyrrhetinic acid-cinnamamide derivatives as HMGB1/TLR4 pathway inhibitors for sepsis-induced liver injury.",Mol Divers,2026,10.1007/s11030-026-11596-1,42207457,,Europe PMC,journal article,False,,0,-2,-2,skip,https://europepmc.org/article/MED/42207457,No abstract available. Check the full text before interpreting. Interpretation should remain cautious because this is abstract-level surveillance.
2026-05-30,Expanding the Histologic Spectrum of Oral Pseudoperineurioma: A Retrospective Study of 21 Cases.,Head Neck Pathol,2026,10.1007/s12105-026-01930-2,42207401,,Europe PMC,journal article,False,,0,-2,-2,skip,https://europepmc.org/article/MED/42207401,No abstract available. Check the full text before interpreting. Interpretation should remain cautious because this is abstract-level surveillance.
2026-05-30,Functional impact of oxidative stress on distinct blood cell lineages: Implications for arterial hypertension.,Histol Histopathol,2026,10.14670/hh-25-088,42116804,,Europe PMC,review; journal article,False,,0,-2,-2,skip,https://europepmc.org/article/MED/42116804,No abstract available. Check the full text before interpreting. Interpretation should remain cautious because this is abstract-level surveillance.
2026-05-30,"Global, regional, and national burden of chronic obstructive pulmonary disease and asthma from 1990 to present: risk attributions and projections to 2050.",Intern Emerg Med,2026,10.1007/s11739-026-04405-y,42207223,,Europe PMC,journal article,False,,0,-2,-2,skip,https://europepmc.org/article/MED/42207223,No abstract available. Check the full text before interpreting. Interpretation should remain cautious because this is abstract-level surveillance.
2026-05-30,GLP-1 receptor agonists alleviate inflammatory responses and endothelial dysfunction in atherosclerosis by activating the Sema3A/NRP1 pathway,Front Cardiovasc Med,,,,PMC13201246,Europe PMC,research-article; journal article,False,,0,-2,-2,skip,,No abstract available. Check the full text before interpreting. Interpretation should remain cautious because this is abstract-level surveillance.
2026-05-30,Impact of Immunoassay Selection on the sFlt-1/PlGF Ratio and Preeclampsia Risk Classification.,J Appl Lab Med,2026,10.1093/jalm/jfag074,42207528,,Europe PMC,journal article,False,,0,-2,-2,skip,https://europepmc.org/article/MED/42207528,No abstract available. Check the full text before interpreting. Interpretation should remain cautious because this is abstract-level surveillance.
2026-05-30,Implications of ADP-Ribosylation Factor-Like Protein 4C (ARL4C) in Human Neoplasia With Special Emphasis on Ameloblastoma: A Scoping Review.,J Oral Pathol Med,2026,10.1111/jop.70154,42206730,,Europe PMC,review; journal article,False,,0,-2,-2,skip,https://europepmc.org/article/MED/42206730,No abstract available. Check the full text before interpreting. Interpretation should remain cautious because this is abstract-level surveillance.
2026-05-30,"Intrathecal Allogeneic B7-H3-targeted CAR γδ T Cells for Leptomeningeal Metastasis from Solid Tumors: Safety, Efficacy, and Immunological Dynamics in a Phase 1 Trial.",Clin Cancer Res,2026,10.1158/1078-0432.ccr-26-0738,42207176,,Europe PMC,journal article,False,,0,-2,-2,skip,https://europepmc.org/article/MED/42207176,No abstract available. Check the full text before interpreting. Interpretation should remain cautious because this is abstract-level surveillance.
2026-05-30,MiR-146b-5p/ERBB4 Axis Drives LPS-induced Acute Kidney Injury by Modulating NF-κB/p65.,Biochem Genet,2026,10.1007/s10528-026-11386-2,42207454,,Europe PMC,journal article,False,,0,-2,-2,skip,https://europepmc.org/article/MED/42207454,No abstract available. Check the full text before interpreting. Interpretation should remain cautious because this is abstract-level surveillance.
2026-05-30,Mitochondria-associated membranes in heart failure: from molecular mechanisms to therapeutic targets,Front Physiol,,,,PMC13201129,Europe PMC,review-article; review; journal article,False,,0,-2,-2,skip,,No abstract available. Check the full text before interpreting. Interpretation should remain cautious because this is abstract-level surveillance.
2026-05-30,Monocytes and neutrophils promote cardiac fibroblast pro-fibrotic phenotypes through IL-6 and MIF,Front Cell Dev Biol,,,,PMC13201410,Europe PMC,research-article; journal article,False,,0,-2,-2,skip,,No abstract available. Check the full text before interpreting. Interpretation should remain cautious because this is abstract-level surveillance.
2026-05-30,Pathologic Myopia Globe Shape and Long-Term Prognosis.,JAMA Ophthalmol,2026,10.1001/jamaophthalmol.2026.1561,42207540,,Europe PMC,journal article,False,,0,-2,-2,skip,https://europepmc.org/article/MED/42207540,No abstract available. Check the full text before interpreting. Interpretation should remain cautious because this is abstract-level surveillance.
2026-05-30,Polygenic risk score with KLK3 SNP-SNP interaction pairs for predicting prostate cancer aggressiveness.,Commun Med (Lond),2026,10.1038/s43856-026-01645-z,42204244,,Europe PMC,journal article,False,,0,-2,-2,skip,https://europepmc.org/article/MED/42204244,No abstract available. Check the full text before interpreting. Interpretation should remain cautious because this is abstract-level surveillance.
2026-05-30,Psychological consequences of prolonged shelter residence after the Kahramanmaraş earthquakes: a mixed-methods study,Front Public Health,,,,PMC13201107,Europe PMC,research-article; journal article,False,,0,-2,-2,skip,,No abstract available. Check the full text before interpreting. Interpretation should remain cautious because this is abstract-level surveillance.
2026-05-30,Reference Material Choice Affects LC-MS/MS Infliximab Quantitation.,J Appl Lab Med,2026,10.1093/jalm/jfag064,42207017,,Europe PMC,journal article,False,,0,-2,-2,skip,https://europepmc.org/article/MED/42207017,No abstract available. Check the full text before interpreting. Interpretation should remain cautious because this is abstract-level surveillance.
2026-05-30,Speech-in-Noise Ability and Longitudinal Cortical Thinning in Speech-Processing Networks.,JAMA Otolaryngol Head Neck Surg,2026,10.1001/jamaoto.2026.1050,42207546,,Europe PMC,journal article,False,,0,-2,-2,skip,https://europepmc.org/article/MED/42207546,No abstract available. Check the full text before interpreting. Interpretation should remain cautious because this is abstract-level surveillance.
2026-05-30,The role of neutrophil extracellular traps in antiphospholipid syndrome,Front Immunol,,,,PMC13201433,Europe PMC,review-article; review; journal article,False,,0,-2,-2,skip,,No abstract available. Check the full text before interpreting. Interpretation should remain cautious because this is abstract-level surveillance.
2026-05-30,"Trends in Pancreatic Cancer Incidence, Mortality and Net Survival: A Population-Based Analysis in Zurich (Switzerland), 1981-2021.",J Gastrointest Cancer,2026,10.1007/s12029-026-01498-8,42207346,,Europe PMC,journal article,False,,0,-2,-2,skip,https://europepmc.org/article/MED/42207346,No abstract available. Check the full text before interpreting. Interpretation should remain cautious because this is abstract-level surveillance.
2026-05-30,Tumor-intrinsic expression of signal regulatory protein α contributes to the suppression of anti-tumor immune responses.,Cell reports,2026,10.1016/j.celrep.2026.117443,42213780,,PubMed,Journal Article,False,,-2,0,-2,skip,https://pubmed.ncbi.nlm.nih.gov/42213780/,SIRPα is a well-characterized inhibitory receptor on myeloid immune cells. Interpretation should remain cautious because this is abstract-level surveillance.
2026-05-30,Generation and validation of an Acan-Cre mouse line to selectively label Class-B excitatory neurons of the cerebellar nuclei,biorxiv,2026,10.64898/2026.05.21.726923,,,biorxiv,Preprint,True,,-2,-3,-5,skip,https://doi.org/10.64898/2026.05.21.726923,The cerebellar nuclei form the main output structures of the cerebellum and are composed of a deeply conserved set of cell types. Interpretation should remain cautious because this is abstract-level surveillance.
2026-05-30,Transitory enhancement of GATA2 chromatin engagement during early erythroid differentiation,biorxiv,2026,10.64898/2026.03.05.709895,,,biorxiv,Preprint,True,,-2,-3,-5,skip,https://doi.org/10.64898/2026.03.05.709895,Erythroid differentiation requires precise regulation of transcription factor binding to chromatin targets as hematopoietic progenitors relinquish multipotency and activate lineage programs. Interpretation should remain cautious because this is abstract-level surveillance.
2026-05-30,CircRNA based bi-antigen vaccines against mpox virus induce potent and durable cross-protection in mice.,Mol Biomed,2026,10.1186/s43556-026-00474-9,42207442,,Europe PMC,journal article,False,,-2,-4,-6,skip,https://europepmc.org/article/MED/42207442,No abstract available. Check the full text before interpreting. Interpretation should remain cautious because this is abstract-level surveillance.
2026-05-30,Editorial: Exploring the tumor microenvironment in resectable lung cancer,Front Oncol,,,,PMC13201469,Europe PMC,editorial,False,,-2,-5,-7,skip,,No abstract available. Check the full text before interpreting. Interpretation should remain cautious because this is abstract-level surveillance.
2026-05-30,"Multiple choroidal lesions, lymphadenopathy and pulmonary infiltrates: ocular involvement as first manifestation of sarcoidosis.",Clin Rheumatol,2026,10.1007/s10067-026-08192-x,42207463,,Europe PMC,editorial,False,,-2,-5,-7,skip,https://europepmc.org/article/MED/42207463,No abstract available. Check the full text before interpreting. Interpretation should remain cautious because this is abstract-level surveillance.
2026-05-30,Mitochondrial Optic Atrophy (OPA)1 expression regulates the injury response to neonatal hypoxia-ischaemia.,biorxiv,2026,10.64898/2026.05.21.726935,,,biorxiv,Preprint,True,molecular_ihc_biomarkers,0,-7,-7,skip,https://doi.org/10.64898/2026.05.21.726935,"Mitochondrial dysfunction is a central driver of neonatal hypoxic-ischaemic encephalopathy (HIE), yet the specific vulnerabilities of mitochondrial fusion machinery in the neonatal brain remain poorly defined. Interpretation should remain cautious because this is abstract-level surveillance."
2026-05-30,How to combine the exigencies of histopathological and forensic-genetic investigation: a preliminary study on the use of medicolegal FFPE samples for DNA analysis.,Forensic Sci Med Pathol,2026,10.1007/s12024-026-01277-8,42207385,,Europe PMC,journal article,False,legacy_project_watch_low_priority,-6,-2,-8,skip,https://europepmc.org/article/MED/42207385,No abstract available. Check the full text before interpreting. Interpretation should remain cautious because this is abstract-level surveillance.
2026-05-30,Case Report: IgG4-rich tubulointerstitial inflammation in MPO-ANCA-associated glomerulonephritis: a case-based review,Front Immunol,,,,PMC13201485,Europe PMC,case reports; case-report,False,legacy_project_watch_low_priority,-6,-3,-9,skip,,No abstract available. Check the full text before interpreting. Interpretation should remain cautious because this is abstract-level surveillance.
2026-05-30,"When Measuring Potassium, Matrix Matters.",J Appl Lab Med,2026,10.1093/jalm/jfag078,42207543,,Europe PMC,comment; editorial,False,,-2,-8,-10,skip,https://europepmc.org/article/MED/42207543,No abstract available. Check the full text before interpreting. Interpretation should remain cautious because this is abstract-level surveillance.
